run_id,run_number,start_epoch,end_epoch,duration_seconds,status,job_name
native-run-20260101-143819-1,1,1767258499,1767259043,544,Succeeded,resilience-bench-1-143819
native-run-20260101-144754-2,2,1767259074,1767259619,545,Succeeded,resilience-bench-2-144754
native-run-20260101-145729-3,3,1767259649,1767260194,545,Succeeded,resilience-bench-3-145729
native-run-20260101-150704-4,4,1767260224,1767260776,552,Succeeded,resilience-bench-4-150704
native-run-20260101-151646-5,5,1767260806,1767261351,545,Succeeded,resilience-bench-5-151646
native-run-20260101-152621-6,6,1767261381,1767261926,545,Succeeded,resilience-bench-6-152621
native-run-20260101-153556-7,7,1767261956,1767262501,545,Succeeded,resilience-bench-7-153556
native-run-20260101-154531-8,8,1767262531,1767263076,545,Succeeded,resilience-bench-8-154531
native-run-20260101-155507-9,9,1767263107,1767263651,544,Succeeded,resilience-bench-9-155507
native-run-20260101-160442-10,10,1767263682,1767264226,544,Succeeded,resilience-bench-10-160442
native-run-20260101-161417-11,11,1767264257,1767264802,545,Succeeded,resilience-bench-11-161417
native-run-20260101-162353-12,12,1767264833,1767265378,545,Succeeded,resilience-bench-12-162353
native-run-20260101-163328-13,13,1767265408,1767265952,544,Succeeded,resilience-bench-13-163328
native-run-20260101-164303-14,14,1767265983,1767266528,545,Succeeded,resilience-bench-14-164303
native-run-20260101-165238-15,15,1767266558,1767267103,545,Succeeded,resilience-bench-15-165238
native-run-20260101-170213-16,16,1767267133,1767267678,545,Succeeded,resilience-bench-16-170213
native-run-20260101-171149-17,17,1767267709,1767268253,544,Succeeded,resilience-bench-17-171149
native-run-20260101-172124-18,18,1767268284,1767268828,544,Succeeded,resilience-bench-18-172124
native-run-20260101-173059-19,19,1767268859,1767269404,545,Succeeded,resilience-bench-19-173059
native-run-20260101-174034-20,20,1767269434,1767269979,545,Succeeded,resilience-bench-20-174034
native-run-20260101-175009-21,21,1767270009,1767270554,545,Succeeded,resilience-bench-21-175009
native-run-20260101-175944-22,22,1767270584,1767271129,545,Succeeded,resilience-bench-22-175944
native-run-20260101-180919-23,23,1767271159,1767271705,546,Succeeded,resilience-bench-23-180919
native-run-20260101-181855-24,24,1767271735,1767272281,546,Succeeded,resilience-bench-24-181855
native-run-20260101-182832-25,25,1767272312,1767272856,544,Succeeded,resilience-bench-25-182832
native-run-20260101-183807-26,26,1767272887,1767273433,546,Succeeded,resilience-bench-26-183807
native-run-20260101-184743-27,27,1767273463,1767274008,545,Succeeded,resilience-bench-27-184743
native-run-20260101-185718-28,28,1767274038,1767274584,546,Succeeded,resilience-bench-28-185718
native-run-20260101-190654-29,29,1767274614,1767275161,547,Succeeded,resilience-bench-29-190654
native-run-20260101-191631-30,30,1767275191,1767275736,545,Succeeded,resilience-bench-30-191631
native-run-20260101-192606-31,31,1767275766,1767276311,545,Succeeded,resilience-bench-31-192606
native-run-20260101-193541-32,32,1767276341,1767276886,545,Succeeded,resilience-bench-32-193541
native-run-20260101-194517-33,33,1767276917,1767277463,546,Succeeded,resilience-bench-33-194517
native-run-20260101-195453-34,34,1767277493,1767278038,545,Succeeded,resilience-bench-34-195453
native-run-20260101-200428-35,35,1767278068,1767278613,545,Succeeded,resilience-bench-35-200428
native-run-20260101-201404-36,36,1767278644,1767279188,544,Succeeded,resilience-bench-36-201404
native-run-20260101-202339-37,37,1767279219,1767279763,544,Succeeded,resilience-bench-37-202339
native-run-20260101-203314-38,38,1767279794,1767280338,544,Succeeded,resilience-bench-38-203314
native-run-20260101-204249-39,39,1767280369,1767280914,545,Succeeded,resilience-bench-39-204249
native-run-20260101-205224-40,40,1767280944,1767281494,550,Succeeded,resilience-bench-40-205224
native-run-20260101-210205-41,41,1767281525,1767282070,545,Succeeded,resilience-bench-41-210205
native-run-20260101-211140-42,42,1767282100,1767282645,545,Succeeded,resilience-bench-42-211140
native-run-20260101-212115-43,43,1767282675,1767283220,545,Succeeded,resilience-bench-43-212115
native-run-20260101-213050-44,44,1767283250,1767283798,548,Succeeded,resilience-bench-44-213050
native-run-20260101-214028-45,45,1767283828,1767284374,546,Succeeded,resilience-bench-45-214028
native-run-20260101-215004-46,46,1767284404,1767284949,545,Succeeded,resilience-bench-46-215004
native-run-20260101-215939-47,47,1767284979,1767285524,545,Succeeded,resilience-bench-47-215939
native-run-20260101-220915-48,48,1767285555,1767286099,544,Succeeded,resilience-bench-48-220915
native-run-20260101-221850-49,49,1767286130,1767286675,545,Succeeded,resilience-bench-49-221850
native-run-20260101-222826-50,50,1767286706,1767287250,544,Succeeded,resilience-bench-50-222826
native-run-20260101-223801-51,51,1767287281,1767287825,544,Succeeded,resilience-bench-51-223801
native-run-20260101-224736-52,52,1767287856,1767288401,545,Succeeded,resilience-bench-52-224736
native-run-20260101-225711-53,53,1767288431,1767288976,545,Succeeded,resilience-bench-53-225711
native-run-20260101-230646-54,54,1767289006,1767289551,545,Succeeded,resilience-bench-54-230646
native-run-20260101-231622-55,55,1767289582,1767290126,544,Succeeded,resilience-bench-55-231622
native-run-20260101-232557-56,56,1767290157,1767290702,545,Succeeded,resilience-bench-56-232557
native-run-20260101-233532-57,57,1767290732,1767291277,545,Succeeded,resilience-bench-57-233532
native-run-20260101-234507-58,58,1767291307,1767291859,552,Succeeded,resilience-bench-58-234507
native-run-20260101-235449-59,59,1767291889,1767292434,545,Succeeded,resilience-bench-59-235449
native-run-20260102-000424-60,60,1767292464,1767293009,545,Succeeded,resilience-bench-60-000424
native-run-20260102-001359-61,61,1767293040,1767293584,544,Succeeded,resilience-bench-61-001400
native-run-20260102-002335-62,62,1767293615,1767294159,544,Succeeded,resilience-bench-62-002335
native-run-20260102-003310-63,63,1767294190,1767294734,544,Succeeded,resilience-bench-63-003310
native-run-20260102-004245-64,64,1767294765,1767295309,544,Succeeded,resilience-bench-64-004245
native-run-20260102-005220-65,65,1767295340,1767295884,544,Succeeded,resilience-bench-65-005220
native-run-20260102-010155-66,66,1767295915,1767296459,544,Succeeded,resilience-bench-66-010155
native-run-20260102-011130-67,67,1767296490,1767297035,545,Succeeded,resilience-bench-67-011130
native-run-20260102-012105-68,68,1767297065,1767297610,545,Succeeded,resilience-bench-68-012105
native-run-20260102-013040-69,69,1767297640,1767298185,545,Succeeded,resilience-bench-69-013040
native-run-20260102-014016-70,70,1767298216,1767298760,544,Succeeded,resilience-bench-70-014016
native-run-20260102-014951-71,71,1767298791,1767299335,544,Succeeded,resilience-bench-71-014951
native-run-20260102-015926-72,72,1767299366,1767299910,544,Succeeded,resilience-bench-72-015926
native-run-20260102-020901-73,73,1767299941,1767300485,544,Succeeded,resilience-bench-73-020901
native-run-20260102-021836-74,74,1767300516,1767301060,544,Succeeded,resilience-bench-74-021836
native-run-20260102-022811-75,75,1767301091,1767301636,545,Succeeded,resilience-bench-75-022811
native-run-20260102-023746-76,76,1767301666,1767302211,545,Succeeded,resilience-bench-76-023746
native-run-20260102-024721-77,77,1767302241,1767302786,545,Succeeded,resilience-bench-77-024721
native-run-20260102-025657-78,78,1767302817,1767303361,544,Succeeded,resilience-bench-78-025657
native-run-20260102-030632-79,79,1767303392,1767303937,545,Succeeded,resilience-bench-79-030632
native-run-20260102-031607-80,80,1767303967,1767304512,545,Succeeded,resilience-bench-80-031607
native-run-20260102-032542-81,81,1767304542,1767305087,545,Succeeded,resilience-bench-81-032542
native-run-20260102-033517-82,82,1767305117,1767305662,545,Succeeded,resilience-bench-82-033517
native-run-20260102-034452-83,83,1767305692,1767306237,545,Succeeded,resilience-bench-83-034452
native-run-20260102-035427-84,84,1767306267,1767306815,548,Succeeded,resilience-bench-84-035427
native-run-20260102-040405-85,85,1767306845,1767307390,545,Succeeded,resilience-bench-85-040405
native-run-20260102-041340-86,86,1767307420,1767307966,546,Succeeded,resilience-bench-86-041340
native-run-20260102-042316-87,87,1767307996,1767308541,545,Succeeded,resilience-bench-87-042316
native-run-20260102-043252-88,88,1767308572,1767309116,544,Succeeded,resilience-bench-88-043252
native-run-20260102-044227-89,89,1767309147,1767309692,545,Succeeded,resilience-bench-89-044227
native-run-20260102-045202-90,90,1767309722,1767310267,545,Succeeded,resilience-bench-90-045202
native-run-20260102-050137-91,91,1767310297,1767310842,545,Succeeded,resilience-bench-91-050137
native-run-20260102-051112-92,92,1767310872,1767311418,546,Succeeded,resilience-bench-92-051112
native-run-20260102-052048-93,93,1767311448,1767311993,545,Succeeded,resilience-bench-93-052048
native-run-20260102-053023-94,94,1767312023,1767312569,546,Succeeded,resilience-bench-94-053023
native-run-20260102-053959-95,95,1767312599,1767313144,545,Succeeded,resilience-bench-95-053959
native-run-20260102-054934-96,96,1767313174,1767313719,545,Succeeded,resilience-bench-96-054934
native-run-20260102-055910-97,97,1767313750,1767314294,544,Succeeded,resilience-bench-97-055910
native-run-20260102-060845-98,98,1767314325,1767314870,545,Succeeded,resilience-bench-98-060845
native-run-20260102-061820-99,99,1767314900,1767315445,545,Succeeded,resilience-bench-99-061820
native-run-20260102-062755-100,100,1767315475,1767316021,546,Succeeded,resilience-bench-100-062755
